bdjkbjkdbkj; 89189198; dbjs@gmail.com; 298982; Femenino
emmanuel; 1031806325; emmanuelpinzon16@gmail.com; 12345678; Masculino
bjkln; 82989298; snnjsnk@gmail.com; 838383; Femenino
dnkjkd; 29729; sjakshai@gmail.com; 738739; Femenino
uishdisdo; 3783792; ohsohas@gmail.com; 8928923; Femenino
dsds; 2233; ksjjb@gmail.com; 27872872; Femenino
dssdds; 672672167; khjnlj@gmail.com; 687212; Femenino
santiago; 19218767; santiagop.200609@gmail.com; 87654321; Masculino
Juan pablo Acero; 112233; juan.acero2006@gmail.com; 98765; Masculino
daniel; 19218767; dfdelgadillo@unbosque.edu.co; 987654; Femenino
